"Numer okręgu";"Nr listy";"Nazwa Komitetu";"Liczba kandydatów";"Liczba głosów";"Procent głosów oddanych w okręgu";"Udział w podziale mandatów";"Liczba mandatów"
1;1;"KOMITET WYBORCZY BEZPARTYJNI SAMORZĄDOWCY";23;16748;"3,34";"Nie";0
1;2;"KOALICYJNY KOMITET WYBORCZY TRZECIA DROGA POLSKA 2050 SZYMONA HOŁOWNI - POLSKIE STRONNICTWO LUDOWE";24;53958;"10,75";"Tak";1
1;3;"KOMITET WYBORCZY NOWA LEWICA";24;47715;"9,51";"Tak";1
1;4;"KOMITET WYBORCZY PRAWO I SPRAWIEDLIWOŚĆ";24;174643;"34,80";"Tak";5
1;5;"KOMITET WYBORCZY KONFEDERACJA WOLNOŚĆ I NIEPODLEGŁOŚĆ";24;31770;"6,33";"Tak";0
1;6;"KOALICYJNY KOMITET WYBORCZY KOALICJA OBYWATELSKA PO .N IPL ZIELONI";24;169540;"33,78";"Tak";5
1;7;"KOMITET WYBORCZY POLSKA JEST JEDNA";14;7496;"1,49";"Nie";0
2;1;"KOMITET WYBORCZY BEZPARTYJNI SAMORZĄDOWCY";16;5808;"1,80";"Nie";0
2;2;"KOALICYJNY KOMITET WYBORCZY TRZECIA DROGA POLSKA 2050 SZYMONA HOŁOWNI - POLSKIE STRONNICTWO LUDOWE";16;39215;"12,13";"Tak";1
2;3;"KOMITET WYBORCZY NOWA LEWICA";16;25806;"7,98";"Tak";0
2;4;"KOMITET WYBORCZY PRAWO I SPRAWIEDLIWOŚĆ";16;107797;"33,34";"Tak";3
2;5;"KOMITET WYBORCZY KONFEDERACJA WOLNOŚĆ I NIEPODLEGŁOŚĆ";16;19478;"6,02";"Tak";0
2;6;"KOALICYJNY KOMITET WYBORCZY KOALICJA OBYWATELSKA PO .N IPL ZIELONI";16;120188;"37,17";"Tak";4
2;7;"KOMITET WYBORCZY POLSKA JEST JEDNA";11;5068;"1,57";"Nie";0
3;1;"KOMITET WYBORCZY BEZPARTYJNI SAMORZĄDOWCY";28;22412;"2,89";"Nie";0
3;2;"KOALICYJNY KOMITET WYBORCZY TRZECIA DROGA POLSKA 2050 SZYMONA HOŁOWNI - POLSKIE STRONNICTWO LUDOWE";28;106624;"13,74";"Tak";2
3;3;"KOMITET WYBORCZY NOWA LEWICA";28;88089;"11,35";"Tak";1
3;4;"KOMITET WYBORCZY PRAWO I SPRAWIEDLIWOŚĆ";28;206899;"26,66";"Tak";4
3;5;"KOMITET WYBORCZY KONFEDERACJA WOLNOŚĆ I NIEPODLEGŁOŚĆ";28;54132;"6,98";"Tak";1
3;6;"KOALICYJNY KOMITET WYBORCZY KOALICJA OBYWATELSKA PO .N IPL ZIELONI";28;286713;"36,94";"Tak";6
3;7;"KOMITET WYBORCZY POLSKA JEST JEDNA";18;11185;"1,44";"Nie";0
4;1;"KOMITET WYBORCZY BEZPARTYJNI SAMORZĄDOWCY";23;8905;"1,67";"Nie";0
4;2;"KOALICYJNY KOMITET WYBORCZY TRZECIA DROGA POLSKA 2050 SZYMONA HOŁOWNI - POLSKIE STRONNICTWO LUDOWE";24;80426;"15,06";"Tak";2
4;3;"KOMITET WYBORCZY NOWA LEWICA";24;52959;"9,92";"Tak";1
4;4;"KOMITET WYBORCZY PRAWO I SPRAWIEDLIWOŚĆ";24;162603;"30,45";"Tak";4
4;5;"KOMITET WYBORCZY KONFEDERACJA WOLNOŚĆ I NIEPODLEGŁOŚĆ";24;34266;"6,42";"Tak";0
4;6;"KOALICYJNY KOMITET WYBORCZY KOALICJA OBYWATELSKA PO .N IPL ZIELONI";24;186914;"35,01";"Tak";5
4;7;"KOMITET WYBORCZY POLSKA JEST JEDNA";14;7846;"1,47";"Nie";0
5;1;"KOMITET WYBORCZY BEZPARTYJNI SAMORZĄDOWCY";25;7758;"1,44";"Nie";0
5;2;"KOALICYJNY KOMITET WYBORCZY TRZECIA DROGA POLSKA 2050 SZYMONA HOŁOWNI - POLSKIE STRONNICTWO LUDOWE";26;84308;"15,68";"Tak";2
5;3;"KOMITET WYBORCZY NOWA LEWICA";26;60473;"11,25";"Tak";1
5;4;"KOMITET WYBORCZY PRAWO I SPRAWIEDLIWOŚĆ";26;183131;"34,06";"Tak";5
5;5;"KOMITET WYBORCZY KONFEDERACJA WOLNOŚĆ I NIEPODLEGŁOŚĆ";26;34232;"6,37";"Tak";1
5;6;"KOALICYJNY KOMITET WYBORCZY KOALICJA OBYWATELSKA PO .N IPL ZIELONI";26;158719;"29,52";"Tak";4
5;7;"KOMITET WYBORCZY POLSKA JEST JEDNA";13;6710;"1,25";"Nie";0
5;9;"KOMITET WYBORCZY WYBORCÓW RUCHU DOBROBYTU I POKOJU";13;2266;"0,42";"Nie";0
6;1;"KOMITET WYBORCZY BEZPARTYJNI SAMORZĄDOWCY";30;10344;"1,60";"Nie";0
6;2;"KOALICYJNY KOMITET WYBORCZY TRZECIA DROGA POLSKA 2050 SZYMONA HOŁOWNI - POLSKIE STRONNICTWO LUDOWE";30;102894;"15,87";"Tak";2
6;3;"KOMITET WYBORCZY NOWA LEWICA";30;37083;"5,72";"Tak";1
6;4;"KOMITET WYBORCZY PRAWO I SPRAWIEDLIWOŚĆ";30;294847;"45,48";"Tak";8
6;5;"KOMITET WYBORCZY KONFEDERACJA WOLNOŚĆ I NIEPODLEGŁOŚĆ";29;54325;"8,38";"Tak";1
6;6;"KOALICYJNY KOMITET WYBORCZY KOALICJA OBYWATELSKA PO .N IPL ZIELONI";30;131712;"20,32";"Tak";3
6;7;"KOMITET WYBORCZY POLSKA JEST JEDNA";23;14892;"2,30";"Nie";0
6;9;"KOMITET WYBORCZY WYBORCÓW RUCHU DOBROBYTU I POKOJU";16;2250;"0,35";"Nie";0
7;1;"KOMITET WYBORCZY BEZPARTYJNI SAMORZĄDOWCY";24;9522;"2,08";"Nie";0
7;2;"KOALICYJNY KOMITET WYBORCZY TRZECIA DROGA POLSKA 2050 SZYMONA HOŁOWNI - POLSKIE STRONNICTWO LUDOWE";24;59577;"13,04";"Tak";2
7;3;"KOMITET WYBORCZY NOWA LEWICA";24;25691;"5,62";"Tak";0
7;4;"KOMITET WYBORCZY PRAWO I SPRAWIEDLIWOŚĆ";24;231882;"50,75";"Tak";7
7;5;"KOMITET WYBORCZY KONFEDERACJA WOLNOŚĆ I NIEPODLEGŁOŚĆ";24;35594;"7,79";"Tak";1
7;6;"KOALICYJNY KOMITET WYBORCZY KOALICJA OBYWATELSKA PO .N IPL ZIELONI";24;79501;"17,40";"Tak";2
7;7;"KOMITET WYBORCZY POLSKA JEST JEDNA";19;12930;"2,83";"Nie";0
7;9;"KOMITET WYBORCZY WYBORCÓW RUCHU DOBROBYTU I POKOJU";13;2175;"0,48";"Nie";0
8;1;"KOMITET WYBORCZY BEZPARTYJNI SAMORZĄDOWCY";23;11954;"2,31";"Nie";0
8;2;"KOALICYJNY KOMITET WYBORCZY TRZECIA DROGA POLSKA 2050 SZYMONA HOŁOWNI - POLSKIE STRONNICTWO LUDOWE";24;77933;"15,07";"Tak";2
8;3;"KOMITET WYBORCZY NOWA LEWICA";24;47911;"9,27";"Tak";1
8;4;"KOMITET WYBORCZY PRAWO I SPRAWIEDLIWOŚĆ";24;143530;"27,76";"Tak";4
8;5;"KOMITET WYBORCZY KONFEDERACJA WOLNOŚĆ I NIEPODLEGŁOŚĆ";23;33672;"6,51";"Tak";0
8;6;"KOALICYJNY KOMITET WYBORCZY KOALICJA OBYWATELSKA PO .N IPL ZIELONI";24;195091;"37,73";"Tak";5
8;7;"KOMITET WYBORCZY POLSKA JEST JEDNA";12;5794;"1,12";"Nie";0
8;11;"KOMITET WYBORCZY ANTYPARTIA";16;1156;"0,22";"Nie";0
9;1;"KOMITET WYBORCZY BEZPARTYJNI SAMORZĄDOWCY";19;5624;"1,23";"Nie";0
9;2;"KOALICYJNY KOMITET WYBORCZY TRZECIA DROGA POLSKA 2050 SZYMONA HOŁOWNI - POLSKIE STRONNICTWO LUDOWE";20;54283;"11,89";"Tak";1
9;3;"KOMITET WYBORCZY NOWA LEWICA";20;55770;"12,22";"Tak";1
9;4;"KOMITET WYBORCZY PRAWO I SPRAWIEDLIWOŚĆ";20;122433;"26,82";"Tak";3
9;5;"KOMITET WYBORCZY KONFEDERACJA WOLNOŚĆ I NIEPODLEGŁOŚĆ";20;25428;"5,57";"Tak";0
9;6;"KOALICYJNY KOMITET WYBORCZY KOALICJA OBYWATELSKA PO .N IPL ZIELONI";20;187527;"41,07";"Tak";5
9;7;"KOMITET WYBORCZY POLSKA JEST JEDNA";11;5487;"1,20";"Nie";0
10;1;"KOMITET WYBORCZY BEZPARTYJNI SAMORZĄDOWCY";18;8597;"2,17";"Nie";0
10;2;"KOALICYJNY KOMITET WYBORCZY TRZECIA DROGA POLSKA 2050 SZYMONA HOŁOWNI - POLSKIE STRONNICTWO LUDOWE";18;54479;"13,73";"Tak";1
10;3;"KOMITET WYBORCZY NOWA LEWICA";18;25340;"6,39";"Tak";0
10;4;"KOMITET WYBORCZY PRAWO I SPRAWIEDLIWOŚĆ";18;184929;"46,60";"Tak";6
10;5;"KOMITET WYBORCZY KONFEDERACJA WOLNOŚĆ I NIEPODLEGŁOŚĆ";18;30247;"7,62";"Tak";0
10;6;"KOALICYJNY KOMITET WYBORCZY KOALICJA OBYWATELSKA PO .N IPL ZIELONI";18;86083;"21,69";"Tak";2
10;7;"KOMITET WYBORCZY POLSKA JEST JEDNA";12;5457;"1,38";"Nie";0
10;9;"KOMITET WYBORCZY WYBORCÓW RUCHU DOBROBYTU I POKOJU";10;1687;"0,43";"Nie";0
11;1;"KOMITET WYBORCZY BEZPARTYJNI SAMORZĄDOWCY";24;8653;"1,62";"Nie";0
11;2;"KOALICYJNY KOMITET WYBORCZY TRZECIA DROGA POLSKA 2050 SZYMONA HOŁOWNI - POLSKIE STRONNICTWO LUDOWE";24;77313;"14,50";"Tak";2
11;3;"KOMITET WYBORCZY NOWA LEWICA";24;41188;"7,73";"Tak";1
11;4;"KOMITET WYBORCZY PRAWO I SPRAWIEDLIWOŚĆ";23;221031;"41,46";"Tak";6
11;5;"KOMITET WYBORCZY KONFEDERACJA WOLNOŚĆ I NIEPODLEGŁOŚĆ";24;36383;"6,82";"Tak";0
11;6;"KOALICYJNY KOMITET WYBORCZY KOALICJA OBYWATELSKA PO .N IPL ZIELONI";24;138038;"25,89";"Tak";3
11;7;"KOMITET WYBORCZY POLSKA JEST JEDNA";13;7747;"1,45";"Nie";0
11;9;"KOMITET WYBORCZY WYBORCÓW RUCHU DOBROBYTU I POKOJU";19;2775;"0,52";"Nie";0
12;1;"KOMITET WYBORCZY BEZPARTYJNI SAMORZĄDOWCY";16;6487;"1,78";"Nie";0
12;2;"KOALICYJNY KOMITET WYBORCZY TRZECIA DROGA POLSKA 2050 SZYMONA HOŁOWNI - POLSKIE STRONNICTWO LUDOWE";16;54585;"14,97";"Tak";1
12;3;"KOMITET WYBORCZY NOWA LEWICA";16;22036;"6,04";"Tak";0
12;4;"KOMITET WYBORCZY PRAWO I SPRAWIEDLIWOŚĆ";16;156308;"42,86";"Tak";5
12;5;"KOMITET WYBORCZY KONFEDERACJA WOLNOŚĆ I NIEPODLEGŁOŚĆ";16;28754;"7,88";"Tak";0
12;6;"KOALICYJNY KOMITET WYBORCZY KOALICJA OBYWATELSKA PO .N IPL ZIELONI";16;88408;"24,24";"Tak";2
12;7;"KOMITET WYBORCZY POLSKA JEST JEDNA";14;8093;"2,22";"Nie";0
13;1;"KOMITET WYBORCZY BEZPARTYJNI SAMORZĄDOWCY";27;11416;"1,51";"Nie";0
13;2;"KOALICYJNY KOMITET WYBORCZY TRZECIA DROGA POLSKA 2050 SZYMONA HOŁOWNI - POLSKIE STRONNICTWO LUDOWE";28;127693;"16,86";"Tak";2
13;3;"KOMITET WYBORCZY NOWA LEWICA";28;83633;"11,04";"Tak";1
13;4;"KOMITET WYBORCZY PRAWO I SPRAWIEDLIWOŚĆ";28;232430;"30,68";"Tak";5
13;5;"KOMITET WYBORCZY KONFEDERACJA WOLNOŚĆ I NIEPODLEGŁOŚĆ";28;58435;"7,71";"Tak";1
13;6;"KOALICYJNY KOMITET WYBORCZY KOALICJA OBYWATELSKA PO .N IPL ZIELONI";28;232799;"30,73";"Tak";5
13;7;"KOMITET WYBORCZY POLSKA JEST JEDNA";17;11116;"1,47";"Nie";0
14;1;"KOMITET WYBORCZY BEZPARTYJNI SAMORZĄDOWCY";20;10643;"2,49";"Nie";0
14;2;"KOALICYJNY KOMITET WYBORCZY TRZECIA DROGA POLSKA 2050 SZYMONA HOŁOWNI - POLSKIE STRONNICTWO LUDOWE";20;49487;"11,58";"Tak";1
14;3;"KOMITET WYBORCZY NOWA LEWICA";13;13594;"3,18";"Tak";0
14;4;"KOMITET WYBORCZY PRAWO I SPRAWIEDLIWOŚĆ";20;229587;"53,73";"Tak";6
14;5;"KOMITET WYBORCZY KONFEDERACJA WOLNOŚĆ I NIEPODLEGŁOŚĆ";20;37301;"8,73";"Tak";1
14;6;"KOALICYJNY KOMITET WYBORCZY KOALICJA OBYWATELSKA PO .N IPL ZIELONI";20;68804;"16,10";"Tak";2
14;7;"KOMITET WYBORCZY POLSKA JEST JEDNA";20;17876;"4,18";"Nie";0
15;1;"KOMITET WYBORCZY BEZPARTYJNI SAMORZĄDOWCY";18;5566;"1,38";"Nie";0
15;2;"KOALICYJNY KOMITET WYBORCZY TRZECIA DROGA POLSKA 2050 SZYMONA HOŁOWNI - POLSKIE STRONNICTWO LUDOWE";18;75229;"18,64";"Tak";2
15;3;"KOMITET WYBORCZY NOWA LEWICA";18;16152;"4,00";"Tak";0
15;4;"KOMITET WYBORCZY PRAWO I SPRAWIEDLIWOŚĆ";18;196433;"48,67";"Tak";5
15;5;"KOMITET WYBORCZY KONFEDERACJA WOLNOŚĆ I NIEPODLEGŁOŚĆ";18;32241;"7,99";"Tak";0
15;6;"KOALICYJNY KOMITET WYBORCZY KOALICJA OBYWATELSKA PO .N IPL ZIELONI";18;68690;"17,02";"Tak";2
15;7;"KOMITET WYBORCZY POLSKA JEST JEDNA";15;9280;"2,30";"Nie";0
16;1;"KOMITET WYBORCZY BEZPARTYJNI SAMORZĄDOWCY";20;8984;"2,03";"Nie";0
16;2;"KOALICYJNY KOMITET WYBORCZY TRZECIA DROGA POLSKA 2050 SZYMONA HOŁOWNI - POLSKIE STRONNICTWO LUDOWE";20;75526;"17,07";"Tak";2
16;3;"KOMITET WYBORCZY NOWA LEWICA";20;28848;"6,52";"Tak";0
16;4;"KOMITET WYBORCZY PRAWO I SPRAWIEDLIWOŚĆ";20;195218;"44,11";"Tak";5
16;5;"KOMITET WYBORCZY KONFEDERACJA WOLNOŚĆ I NIEPODLEGŁOŚĆ";20;28877;"6,52";"Tak";0
16;6;"KOALICYJNY KOMITET WYBORCZY KOALICJA OBYWATELSKA PO .N IPL ZIELONI";20;99146;"22,40";"Tak";3
16;7;"KOMITET WYBORCZY POLSKA JEST JEDNA";15;5968;"1,35";"Nie";0
17;1;"KOMITET WYBORCZY BEZPARTYJNI SAMORZĄDOWCY";18;6673;"1,71";"Nie";0
17;2;"KOALICYJNY KOMITET WYBORCZY TRZECIA DROGA POLSKA 2050 SZYMONA HOŁOWNI - POLSKIE STRONNICTWO LUDOWE";18;54690;"13,98";"Tak";1
17;3;"KOMITET WYBORCZY NOWA LEWICA";18;20874;"5,34";"Tak";0
17;4;"KOMITET WYBORCZY PRAWO I SPRAWIEDLIWOŚĆ";18;190418;"48,68";"Tak";6
17;5;"KOMITET WYBORCZY KONFEDERACJA WOLNOŚĆ I NIEPODLEGŁOŚĆ";18;28593;"7,31";"Tak";0
17;6;"KOALICYJNY KOMITET WYBORCZY KOALICJA OBYWATELSKA PO .N IPL ZIELONI";18;82003;"20,96";"Tak";2
17;7;"KOMITET WYBORCZY POLSKA JEST JEDNA";10;5983;"1,53";"Nie";0
17;9;"KOMITET WYBORCZY WYBORCÓW RUCHU DOBROBYTU I POKOJU";12;1968;"0,50";"Nie";0
18;1;"KOMITET WYBORCZY BEZPARTYJNI SAMORZĄDOWCY";22;10045;"1,86";"Nie";0
18;2;"KOALICYJNY KOMITET WYBORCZY TRZECIA DROGA POLSKA 2050 SZYMONA HOŁOWNI - POLSKIE STRONNICTWO LUDOWE";24;83681;"15,51";"Tak";2
18;3;"KOMITET WYBORCZY NOWA LEWICA";24;26149;"4,85";"Tak";0
18;4;"KOMITET WYBORCZY PRAWO I SPRAWIEDLIWOŚĆ";24;262236;"48,62";"Tak";7
18;5;"KOMITET WYBORCZY KONFEDERACJA WOLNOŚĆ I NIEPODLEGŁOŚĆ";23;44299;"8,21";"Tak";1
18;6;"KOALICYJNY KOMITET WYBORCZY KOALICJA OBYWATELSKA PO .N IPL ZIELONI";24;100902;"18,71";"Tak";2
18;7;"KOMITET WYBORCZY POLSKA JEST JEDNA";13;10229;"1,90";"Nie";0
18;10;"KOMITET WYBORCZY NORMALNY KRAJ";23;1044;"0,19";"Nie";0
18;11;"KOMITET WYBORCZY RUCH NAPRAWY POLSKI";16;823;"0,15";"Nie";0
19;1;"KOMITET WYBORCZY BEZPARTYJNI SAMORZĄDOWCY";40;23450;"1,37";"Nie";0
19;2;"KOALICYJNY KOMITET WYBORCZY TRZECIA DROGA POLSKA 2050 SZYMONA HOŁOWNI - POLSKIE STRONNICTWO LUDOWE";40;227127;"13,25";"Tak";3
19;3;"KOMITET WYBORCZY NOWA LEWICA";40;230648;"13,45";"Tak";3
19;4;"KOMITET WYBORCZY PRAWO I SPRAWIEDLIWOŚĆ";39;345380;"20,14";"Tak";4
19;5;"KOMITET WYBORCZY KONFEDERACJA WOLNOŚĆ I NIEPODLEGŁOŚĆ";39;124220;"7,24";"Tak";1
19;6;"KOALICYJNY KOMITET WYBORCZY KOALICJA OBYWATELSKA PO .N IPL ZIELONI";40;741286;"43,23";"Tak";9
19;7;"KOMITET WYBORCZY POLSKA JEST JEDNA";24;22608;"1,32";"Nie";0
20;1;"KOMITET WYBORCZY BEZPARTYJNI SAMORZĄDOWCY";24;16571;"2,27";"Nie";0
20;2;"KOALICYJNY KOMITET WYBORCZY TRZECIA DROGA POLSKA 2050 SZYMONA HOŁOWNI - POLSKIE STRONNICTWO LUDOWE";24;110086;"15,06";"Tak";2
20;3;"KOMITET WYBORCZY NOWA LEWICA";24;51556;"7,06";"Tak";1
20;4;"KOMITET WYBORCZY PRAWO I SPRAWIEDLIWOŚĆ";24;231905;"31,74";"Tak";4
20;5;"KOMITET WYBORCZY KONFEDERACJA WOLNOŚĆ I NIEPODLEGŁOŚĆ";24;51573;"7,06";"Tak";1
20;6;"KOALICYJNY KOMITET WYBORCZY KOALICJA OBYWATELSKA PO .N IPL ZIELONI";24;257470;"35,23";"Tak";4
20;7;"KOMITET WYBORCZY POLSKA JEST JEDNA";15;11583;"1,59";"Nie";0
21;1;"KOMITET WYBORCZY BEZPARTYJNI SAMORZĄDOWCY";24;7521;"1,57";"Nie";0
21;2;"KOALICYJNY KOMITET WYBORCZY TRZECIA DROGA POLSKA 2050 SZYMONA HOŁOWNI - POLSKIE STRONNICTWO LUDOWE";24;61155;"12,74";"Tak";1
21;3;"KOMITET WYBORCZY NOWA LEWICA";24;34763;"7,24";"Tak";1
21;4;"KOMITET WYBORCZY PRAWO I SPRAWIEDLIWOŚĆ";24;150022;"31,26";"Tak";4
21;5;"KOMITET WYBORCZY KONFEDERACJA WOLNOŚĆ I NIEPODLEGŁOŚĆ";24;31150;"6,49";"Tak";1
21;6;"KOALICYJNY KOMITET WYBORCZY KOALICJA OBYWATELSKA PO .N IPL ZIELONI";24;161241;"33,59";"Tak";5
21;7;"KOMITET WYBORCZY POLSKA JEST JEDNA";16;8338;"1,74";"Nie";0
21;11;"KOMITET WYBORCZY WYBORCÓW MNIEJSZOŚĆ NIEMIECKA";24;25778;"5,37";"Tak";0
22;1;"KOMITET WYBORCZY BEZPARTYJNI SAMORZĄDOWCY";21;9165;"2,07";"Nie";0
22;2;"KOALICYJNY KOMITET WYBORCZY TRZECIA DROGA POLSKA 2050 SZYMONA HOŁOWNI - POLSKIE STRONNICTWO LUDOWE";22;60938;"13,79";"Tak";1
22;3;"KOMITET WYBORCZY NOWA LEWICA";21;19750;"4,47";"Tak";0
22;4;"KOMITET WYBORCZY PRAWO I SPRAWIEDLIWOŚĆ";22;241790;"54,70";"Tak";7
22;5;"KOMITET WYBORCZY KONFEDERACJA WOLNOŚĆ I NIEPODLEGŁOŚĆ";21;38080;"8,62";"Tak";1
22;6;"KOALICYJNY KOMITET WYBORCZY KOALICJA OBYWATELSKA PO .N IPL ZIELONI";22;70054;"15,85";"Tak";2
22;9;"KOMITET WYBORCZY WYBORCÓW RUCHU DOBROBYTU I POKOJU";11;2219;"0,50";"Nie";0
23;1;"KOMITET WYBORCZY BEZPARTYJNI SAMORZĄDOWCY";30;10302;"1,53";"Nie";0
23;2;"KOALICYJNY KOMITET WYBORCZY TRZECIA DROGA POLSKA 2050 SZYMONA HOŁOWNI - POLSKIE STRONNICTWO LUDOWE";30;83676;"12,42";"Tak";2
23;3;"KOMITET WYBORCZY NOWA LEWICA";30;32828;"4,87";"Tak";0
23;4;"KOMITET WYBORCZY PRAWO I SPRAWIEDLIWOŚĆ";30;347688;"51,60";"Tak";9
23;5;"KOMITET WYBORCZY KONFEDERACJA WOLNOŚĆ I NIEPODLEGŁOŚĆ";30;63854;"9,48";"Tak";1
23;6;"KOALICYJNY KOMITET WYBORCZY KOALICJA OBYWATELSKA PO .N IPL ZIELONI";30;119259;"17,70";"Tak";3
23;7;"KOMITET WYBORCZY POLSKA JEST JEDNA";15;16169;"2,40";"Nie";0
24;1;"KOMITET WYBORCZY BEZPARTYJNI SAMORZĄDOWCY";28;7081;"1,16";"Nie";0
24;2;"KOALICYJNY KOMITET WYBORCZY TRZECIA DROGA POLSKA 2050 SZYMONA HOŁOWNI - POLSKIE STRONNICTWO LUDOWE";28;114898;"18,86";"Tak";3
24;3;"KOMITET WYBORCZY NOWA LEWICA";28;29478;"4,84";"Tak";0
24;4;"KOMITET WYBORCZY PRAWO I SPRAWIEDLIWOŚĆ";28;258277;"42,39";"Tak";7
24;5;"KOMITET WYBORCZY KONFEDERACJA WOLNOŚĆ I NIEPODLEGŁOŚĆ";28;59648;"9,79";"Tak";1
24;6;"KOALICYJNY KOMITET WYBORCZY KOALICJA OBYWATELSKA PO .N IPL ZIELONI";28;126971;"20,84";"Tak";3
24;7;"KOMITET WYBORCZY POLSKA JEST JEDNA";15;9998;"1,64";"Nie";0
24;9;"KOMITET WYBORCZY WYBORCÓW RUCHU DOBROBYTU I POKOJU";20;2893;"0,47";"Nie";0
25;1;"KOMITET WYBORCZY BEZPARTYJNI SAMORZĄDOWCY";24;8871;"1,44";"Nie";0
25;2;"KOALICYJNY KOMITET WYBORCZY TRZECIA DROGA POLSKA 2050 SZYMONA HOŁOWNI - POLSKIE STRONNICTWO LUDOWE";24;90599;"14,70";"Tak";2
25;3;"KOMITET WYBORCZY NOWA LEWICA";24;57967;"9,41";"Tak";1
25;4;"KOMITET WYBORCZY PRAWO I SPRAWIEDLIWOŚĆ";24;155318;"25,20";"Tak";3
25;5;"KOMITET WYBORCZY KONFEDERACJA WOLNOŚĆ I NIEPODLEGŁOŚĆ";24;38406;"6,23";"Tak";0
25;6;"KOALICYJNY KOMITET WYBORCZY KOALICJA OBYWATELSKA PO .N IPL ZIELONI";24;257009;"41,70";"Tak";6
25;7;"KOMITET WYBORCZY POLSKA JEST JEDNA";19;8117;"1,32";"Nie";0
26;1;"KOMITET WYBORCZY BEZPARTYJNI SAMORZĄDOWCY";28;11084;"1,62";"Nie";0
26;2;"KOALICYJNY KOMITET WYBORCZY TRZECIA DROGA POLSKA 2050 SZYMONA HOŁOWNI - POLSKIE STRONNICTWO LUDOWE";28;92793;"13,59";"Tak";2
26;3;"KOMITET WYBORCZY NOWA LEWICA";28;56887;"8,33";"Tak";1
26;4;"KOMITET WYBORCZY PRAWO I SPRAWIEDLIWOŚĆ";28;199709;"29,24";"Tak";4
26;5;"KOMITET WYBORCZY KONFEDERACJA WOLNOŚĆ I NIEPODLEGŁOŚĆ";28;49203;"7,21";"Tak";1
26;6;"KOALICYJNY KOMITET WYBORCZY KOALICJA OBYWATELSKA PO .N IPL ZIELONI";28;258909;"37,91";"Tak";6
26;7;"KOMITET WYBORCZY POLSKA JEST JEDNA";19;14314;"2,10";"Nie";0
27;1;"KOMITET WYBORCZY BEZPARTYJNI SAMORZĄDOWCY";18;7683;"1,73";"Nie";0
27;2;"KOALICYJNY KOMITET WYBORCZY TRZECIA DROGA POLSKA 2050 SZYMONA HOŁOWNI - POLSKIE STRONNICTWO LUDOWE";18;64778;"14,55";"Tak";1
27;3;"KOMITET WYBORCZY NOWA LEWICA";18;34601;"7,77";"Tak";0
27;4;"KOMITET WYBORCZY PRAWO I SPRAWIEDLIWOŚĆ";18;163506;"36,71";"Tak";4
27;5;"KOMITET WYBORCZY KONFEDERACJA WOLNOŚĆ I NIEPODLEGŁOŚĆ";18;34909;"7,84";"Tak";1
27;6;"KOALICYJNY KOMITET WYBORCZY KOALICJA OBYWATELSKA PO .N IPL ZIELONI";18;127677;"28,67";"Tak";3
27;7;"KOMITET WYBORCZY POLSKA JEST JEDNA";9;10950;"2,46";"Nie";0
27;10;"KOMITET WYBORCZY NORMALNY KRAJ";12;1242;"0,28";"Nie";0
28;1;"KOMITET WYBORCZY BEZPARTYJNI SAMORZĄDOWCY";14;6775;"2,09";"Nie";0
28;2;"KOALICYJNY KOMITET WYBORCZY TRZECIA DROGA POLSKA 2050 SZYMONA HOŁOWNI - POLSKIE STRONNICTWO LUDOWE";14;47698;"14,72";"Tak";1
28;3;"KOMITET WYBORCZY NOWA LEWICA";14;30497;"9,41";"Tak";0
28;4;"KOMITET WYBORCZY PRAWO I SPRAWIEDLIWOŚĆ";14;117756;"36,35";"Tak";3
28;5;"KOMITET WYBORCZY KONFEDERACJA WOLNOŚĆ I NIEPODLEGŁOŚĆ";14;21256;"6,56";"Tak";0
28;6;"KOALICYJNY KOMITET WYBORCZY KOALICJA OBYWATELSKA PO .N IPL ZIELONI";14;94313;"29,11";"Tak";3
28;7;"KOMITET WYBORCZY POLSKA JEST JEDNA";8;5646;"1,74";"Nie";0
29;1;"KOMITET WYBORCZY BEZPARTYJNI SAMORZĄDOWCY";17;7378;"1,90";"Nie";0
29;2;"KOALICYJNY KOMITET WYBORCZY TRZECIA DROGA POLSKA 2050 SZYMONA HOŁOWNI - POLSKIE STRONNICTWO LUDOWE";18;51681;"13,34";"Tak";1
29;3;"KOMITET WYBORCZY NOWA LEWICA";18;35673;"9,21";"Tak";1
29;4;"KOMITET WYBORCZY PRAWO I SPRAWIEDLIWOŚĆ";18;116827;"30,16";"Tak";3
29;5;"KOMITET WYBORCZY KONFEDERACJA WOLNOŚĆ I NIEPODLEGŁOŚĆ";18;26934;"6,95";"Tak";0
29;6;"KOALICYJNY KOMITET WYBORCZY KOALICJA OBYWATELSKA PO .N IPL ZIELONI";18;139711;"36,06";"Tak";4
29;7;"KOMITET WYBORCZY POLSKA JEST JEDNA";15;9204;"2,38";"Nie";0
30;1;"KOMITET WYBORCZY BEZPARTYJNI SAMORZĄDOWCY";17;8647;"2,27";"Nie";0
30;2;"KOALICYJNY KOMITET WYBORCZY TRZECIA DROGA POLSKA 2050 SZYMONA HOŁOWNI - POLSKIE STRONNICTWO LUDOWE";18;47525;"12,45";"Tak";1
30;3;"KOMITET WYBORCZY NOWA LEWICA";18;26117;"6,84";"Tak";0
30;4;"KOMITET WYBORCZY PRAWO I SPRAWIEDLIWOŚĆ";18;145230;"38,06";"Tak";4
30;5;"KOMITET WYBORCZY KONFEDERACJA WOLNOŚĆ I NIEPODLEGŁOŚĆ";18;30527;"8,00";"Tak";1
30;6;"KOALICYJNY KOMITET WYBORCZY KOALICJA OBYWATELSKA PO .N IPL ZIELONI";18;114404;"29,98";"Tak";3
30;7;"KOMITET WYBORCZY POLSKA JEST JEDNA";17;9148;"2,40";"Nie";0
31;1;"KOMITET WYBORCZY BEZPARTYJNI SAMORZĄDOWCY";20;9488;"1,80";"Nie";0
31;2;"KOALICYJNY KOMITET WYBORCZY TRZECIA DROGA POLSKA 2050 SZYMONA HOŁOWNI - POLSKIE STRONNICTWO LUDOWE";22;69825;"13,27";"Tak";1
31;3;"KOMITET WYBORCZY NOWA LEWICA";24;44509;"8,46";"Tak";1
31;4;"KOMITET WYBORCZY PRAWO I SPRAWIEDLIWOŚĆ";24;162458;"30,88";"Tak";4
31;5;"KOMITET WYBORCZY KONFEDERACJA WOLNOŚĆ I NIEPODLEGŁOŚĆ";24;35240;"6,70";"Tak";1
31;6;"KOALICYJNY KOMITET WYBORCZY KOALICJA OBYWATELSKA PO .N IPL ZIELONI";24;193596;"36,79";"Tak";5
31;7;"KOMITET WYBORCZY POLSKA JEST JEDNA";12;11051;"2,10";"Nie";0
32;1;"KOMITET WYBORCZY BEZPARTYJNI SAMORZĄDOWCY";16;5499;"1,45";"Nie";0
32;2;"KOALICYJNY KOMITET WYBORCZY TRZECIA DROGA POLSKA 2050 SZYMONA HOŁOWNI - POLSKIE STRONNICTWO LUDOWE";18;37221;"9,85";"Tak";1
32;3;"KOMITET WYBORCZY NOWA LEWICA";18;81646;"21,60";"Tak";2
32;4;"KOMITET WYBORCZY PRAWO I SPRAWIEDLIWOŚĆ";18;112389;"29,74";"Tak";3
32;5;"KOMITET WYBORCZY KONFEDERACJA WOLNOŚĆ I NIEPODLEGŁOŚĆ";17;21512;"5,69";"Tak";0
32;6;"KOALICYJNY KOMITET WYBORCZY KOALICJA OBYWATELSKA PO .N IPL ZIELONI";18;114519;"30,30";"Tak";3
32;7;"KOMITET WYBORCZY POLSKA JEST JEDNA";14;5173;"1,37";"Nie";0
33;1;"KOMITET WYBORCZY BEZPARTYJNI SAMORZĄDOWCY";32;18961;"2,88";"Nie";0
33;2;"KOALICYJNY KOMITET WYBORCZY TRZECIA DROGA POLSKA 2050 SZYMONA HOŁOWNI - POLSKIE STRONNICTWO LUDOWE";32;90975;"13,80";"Tak";2
33;3;"KOMITET WYBORCZY NOWA LEWICA";32;45048;"6,83";"Tak";1
33;4;"KOMITET WYBORCZY PRAWO I SPRAWIEDLIWOŚĆ";32;310266;"47,07";"Tak";8
33;5;"KOMITET WYBORCZY KONFEDERACJA WOLNOŚĆ I NIEPODLEGŁOŚĆ";32;43197;"6,55";"Tak";1
33;6;"KOALICYJNY KOMITET WYBORCZY KOALICJA OBYWATELSKA PO .N IPL ZIELONI";32;137941;"20,93";"Tak";4
33;7;"KOMITET WYBORCZY POLSKA JEST JEDNA";28;9090;"1,38";"Nie";0
33;9;"KOMITET WYBORCZY WYBORCÓW RUCHU DOBROBYTU I POKOJU";16;2310;"0,35";"Nie";0
33;10;"KOMITET WYBORCZY NORMALNY KRAJ";16;1344;"0,20";"Nie";0
34;1;"KOMITET WYBORCZY BEZPARTYJNI SAMORZĄDOWCY";16;4322;"1,44";"Nie";0
34;2;"KOALICYJNY KOMITET WYBORCZY TRZECIA DROGA POLSKA 2050 SZYMONA HOŁOWNI - POLSKIE STRONNICTWO LUDOWE";16;46101;"15,40";"Tak";1
34;3;"KOMITET WYBORCZY NOWA LEWICA";16;24269;"8,11";"Tak";0
34;4;"KOMITET WYBORCZY PRAWO I SPRAWIEDLIWOŚĆ";16;105373;"35,20";"Tak";4
34;5;"KOMITET WYBORCZY KONFEDERACJA WOLNOŚĆ I NIEPODLEGŁOŚĆ";16;19590;"6,54";"Tak";0
34;6;"KOALICYJNY KOMITET WYBORCZY KOALICJA OBYWATELSKA PO .N IPL ZIELONI";16;95410;"31,87";"Tak";3
34;7;"KOMITET WYBORCZY POLSKA JEST JEDNA";10;3339;"1,12";"Nie";0
34;10;"KOMITET WYBORCZY NORMALNY KRAJ";10;976;"0,33";"Nie";0
35;1;"KOMITET WYBORCZY BEZPARTYJNI SAMORZĄDOWCY";20;7728;"1,98";"Nie";0
35;2;"KOALICYJNY KOMITET WYBORCZY TRZECIA DROGA POLSKA 2050 SZYMONA HOŁOWNI - POLSKIE STRONNICTWO LUDOWE";20;63007;"16,11";"Tak";1
35;3;"KOMITET WYBORCZY NOWA LEWICA";20;31631;"8,09";"Tak";1
35;4;"KOMITET WYBORCZY PRAWO I SPRAWIEDLIWOŚĆ";20;126432;"32,33";"Tak";4
35;5;"KOMITET WYBORCZY KONFEDERACJA WOLNOŚĆ I NIEPODLEGŁOŚĆ";20;27119;"6,93";"Tak";0
35;6;"KOALICYJNY KOMITET WYBORCZY KOALICJA OBYWATELSKA PO .N IPL ZIELONI";20;129339;"33,07";"Tak";4
35;7;"KOMITET WYBORCZY POLSKA JEST JEDNA";14;5802;"1,48";"Nie";0
36;1;"KOMITET WYBORCZY BEZPARTYJNI SAMORZĄDOWCY";23;12934;"2,39";"Nie";0
36;2;"KOALICYJNY KOMITET WYBORCZY TRZECIA DROGA POLSKA 2050 SZYMONA HOŁOWNI - POLSKIE STRONNICTWO LUDOWE";24;87628;"16,16";"Tak";2
36;3;"KOMITET WYBORCZY NOWA LEWICA";24;46222;"8,52";"Tak";1
36;4;"KOMITET WYBORCZY PRAWO I SPRAWIEDLIWOŚĆ";24;194416;"35,85";"Tak";5
36;5;"KOMITET WYBORCZY KONFEDERACJA WOLNOŚĆ I NIEPODLEGŁOŚĆ";24;37838;"6,98";"Tak";0
36;6;"KOALICYJNY KOMITET WYBORCZY KOALICJA OBYWATELSKA PO .N IPL ZIELONI";24;154990;"28,58";"Tak";4
36;7;"KOMITET WYBORCZY POLSKA JEST JEDNA";17;8239;"1,52";"Nie";0
37;1;"KOMITET WYBORCZY BEZPARTYJNI SAMORZĄDOWCY";18;9851;"2,35";"Nie";0
37;2;"KOALICYJNY KOMITET WYBORCZY TRZECIA DROGA POLSKA 2050 SZYMONA HOŁOWNI - POLSKIE STRONNICTWO LUDOWE";18;69740;"16,63";"Tak";2
37;3;"KOMITET WYBORCZY NOWA LEWICA";18;39761;"9,48";"Tak";1
37;4;"KOMITET WYBORCZY PRAWO I SPRAWIEDLIWOŚĆ";18;162192;"38,69";"Tak";4
37;5;"KOMITET WYBORCZY KONFEDERACJA WOLNOŚĆ I NIEPODLEGŁOŚĆ";18;29208;"6,97";"Tak";0
37;6;"KOALICYJNY KOMITET WYBORCZY KOALICJA OBYWATELSKA PO .N IPL ZIELONI";18;100580;"23,99";"Tak";2
37;7;"KOMITET WYBORCZY POLSKA JEST JEDNA";14;5776;"1,38";"Nie";0
37;9;"KOMITET WYBORCZY WYBORCÓW RUCHU DOBROBYTU I POKOJU";13;2135;"0,51";"Nie";0
38;1;"KOMITET WYBORCZY BEZPARTYJNI SAMORZĄDOWCY";18;7878;"1,91";"Nie";0
38;2;"KOALICYJNY KOMITET WYBORCZY TRZECIA DROGA POLSKA 2050 SZYMONA HOŁOWNI - POLSKIE STRONNICTWO LUDOWE";18;72996;"17,66";"Tak";2
38;3;"KOMITET WYBORCZY NOWA LEWICA";18;32378;"7,84";"Tak";0
38;4;"KOMITET WYBORCZY PRAWO I SPRAWIEDLIWOŚĆ";18;120301;"29,11";"Tak";3
38;5;"KOMITET WYBORCZY KONFEDERACJA WOLNOŚĆ I NIEPODLEGŁOŚĆ";18;28370;"6,87";"Tak";0
38;6;"KOALICYJNY KOMITET WYBORCZY KOALICJA OBYWATELSKA PO .N IPL ZIELONI";18;144114;"34,87";"Tak";4
38;7;"KOMITET WYBORCZY POLSKA JEST JEDNA";14;7198;"1,74";"Nie";0
39;1;"KOMITET WYBORCZY BEZPARTYJNI SAMORZĄDOWCY";20;9477;"1,59";"Nie";0
39;2;"KOALICYJNY KOMITET WYBORCZY TRZECIA DROGA POLSKA 2050 SZYMONA HOŁOWNI - POLSKIE STRONNICTWO LUDOWE";20;98589;"16,54";"Tak";2
39;3;"KOMITET WYBORCZY NOWA LEWICA";20;73345;"12,31";"Tak";1
39;4;"KOMITET WYBORCZY PRAWO I SPRAWIEDLIWOŚĆ";20;116666;"19,57";"Tak";2
39;5;"KOMITET WYBORCZY KONFEDERACJA WOLNOŚĆ I NIEPODLEGŁOŚĆ";19;35182;"5,90";"Tak";0
39;6;"KOALICYJNY KOMITET WYBORCZY KOALICJA OBYWATELSKA PO .N IPL ZIELONI";19;262779;"44,09";"Tak";5
40;1;"KOMITET WYBORCZY BEZPARTYJNI SAMORZĄDOWCY";16;5264;"1,63";"Nie";0
40;2;"KOALICYJNY KOMITET WYBORCZY TRZECIA DROGA POLSKA 2050 SZYMONA HOŁOWNI - POLSKIE STRONNICTWO LUDOWE";16;39776;"12,35";"Tak";1
40;3;"KOMITET WYBORCZY NOWA LEWICA";16;28101;"8,72";"Tak";0
40;4;"KOMITET WYBORCZY PRAWO I SPRAWIEDLIWOŚĆ";16;101023;"31,36";"Tak";3
40;5;"KOMITET WYBORCZY KONFEDERACJA WOLNOŚĆ I NIEPODLEGŁOŚĆ";16;19379;"6,02";"Tak";0
40;6;"KOALICYJNY KOMITET WYBORCZY KOALICJA OBYWATELSKA PO .N IPL ZIELONI";16;124625;"38,69";"Tak";4
40;7;"KOMITET WYBORCZY POLSKA JEST JEDNA";8;3981;"1,24";"Nie";0
41;1;"KOMITET WYBORCZY BEZPARTYJNI SAMORZĄDOWCY";24;8985;"1,62";"Nie";0
41;2;"KOALICYJNY KOMITET WYBORCZY TRZECIA DROGA POLSKA 2050 SZYMONA HOŁOWNI - POLSKIE STRONNICTWO LUDOWE";24;69957;"12,62";"Tak";1
41;3;"KOMITET WYBORCZY NOWA LEWICA";24;52032;"9,39";"Tak";1
41;4;"KOMITET WYBORCZY PRAWO I SPRAWIEDLIWOŚĆ";24;159575;"28,79";"Tak";4
41;5;"KOMITET WYBORCZY KONFEDERACJA WOLNOŚĆ I NIEPODLEGŁOŚĆ";24;32942;"5,94";"Tak";0
41;6;"KOALICYJNY KOMITET WYBORCZY KOALICJA OBYWATELSKA PO .N IPL ZIELONI";24;222427;"40,13";"Tak";6
41;7;"KOMITET WYBORCZY POLSKA JEST JEDNA";12;6218;"1,12";"Nie";0
41;9;"KOMITET WYBORCZY WYBORCÓW RUCHU DOBROBYTU I POKOJU";12;2172;"0,39";"Nie";0
